<?xml version="1.0" encoding="UTF-8" ?>
<!DOCTYPE mapper PUBLIC "-//mybatis.org//DTD Mapper 3.0//EN" "http://mybatis.org/dtd/mybatis-3-mapper.dtd" >
<mapper namespace="com.vms.mapper.DeviceMapper">
    <resultMap id="BaseResultMap" type="com.vms.model.DeviceTree">
        <id column="id" property="id" jdbcType="BIGINT"/>
		<result column="pid" property="pid" jdbcType="BIGINT"/>
        <result column="name" property="name" jdbcType="VARCHAR"/>
		<result column="isLeaf" property="isLeaf" jdbcType="BIGINT"/>
		<result column="description" property="desc" jdbcType="VARCHAR"/>
        <result column="url" property="url" jdbcType="VARCHAR"/>
		<result column="username" property="userName" jdbcType="VARCHAR"/>
		<result column="password" property="password" jdbcType="VARCHAR"/>
    </resultMap>


    <select id="queryDeviceTree" resultMap="BaseResultMap" parameterType="java.lang.String">
			select id,
				   name,
				   pid,
				   isleaf,
				   description,
				   (select b.url from t_devicekey b where id = a.id) url,
				   (select b.username from t_devicekey b where id = a.id) username,
				   (select b.password from t_devicekey b where id = a.id) password
			  from t_devicelist a
			 start with id = 0
			connect by prior id = pid
    </select>

</mapper>