<?xml version="1.0" encoding="UTF-8" ?>
<!DOCTYPE mapper PUBLIC "-//mybatis.org//DTD Mapper 3.0//EN" "http://mybatis.org/dtd/mybatis-3-mapper.dtd" >
<mapper namespace="com.vms.mapper.OrganizationMapper">
    <resultMap id="BaseResultMap" type="com.vms.model.Organization">
        <id column="id" property="id" jdbcType="VARCHAR"/>
        <result column="name" property="name" jdbcType="VARCHAR"/>
        <result column="address" property="address" jdbcType="VARCHAR"/>
        <result column="description" property="description" jdbcType="VARCHAR"/>
        <result column="createdate" property="createdate" jdbcType="TIMESTAMP"/>
    </resultMap>
    <sql id="Base_Column_List">
        ID, NAME, ADDRESS, CREATEDATE,description
    </sql>

    <select id="findAllOrganizations" resultMap="BaseResultMap" parameterType="com.vms.model.Page">
        SELECT DISTINCT
			<include refid="Base_Column_List"/>
		FROM
			T_ORGANIZATION O 
		ORDER BY
			O.ID
    </select>
    <select id="queryOrgTreeGrid" resultMap="BaseResultMap" parameterType="com.vms.model.Organization">
        SELECT DISTINCT
			O.ID, O.NAME, O.ADDRESS, O.CREATEDATE
		FROM
			T_ORGANIZATION O 
		ORDER BY
			O.ID
    </select>
    
    <select id="treeOrgChoose" resultMap="BaseResultMap" parameterType="com.vms.model.Organization">
        select distinct
        <include refid="Base_Column_List"/>
        from T_ORGANIZATION a where id = #{id}
        order by id
    </select>
    
    <select id="treeOrgChooseColl" resultMap="BaseResultMap" parameterType="com.vms.model.Organization">
        select distinct
        <include refid="Base_Column_List"/>
        from T_ORGANIZATION a 
        where 1 = 1
        order by id
    </select>
    
    <select id="findRootOrgOrderById" resultMap="BaseResultMap" parameterType="com.vms.model.Organization">
        select distinct
        <include refid="Base_Column_List"/>
        from T_ORGANIZATION where pid is null
        order by id
    </select>
    <select id="findSubOrgOrderById" resultMap="BaseResultMap" parameterType="com.vms.model.Organization">
        select distinct
        <include refid="Base_Column_List"/>
        from T_ORGANIZATION where 1=1
        order by id
    </select>     
     <select id="findOrganizationByIds" resultMap="BaseResultMap" parameterType="java.lang.String">
        select 
        id, name, address, createDate
        from T_ORGANIZATION where id in ${value}
    </select> 
    
    <select id="findOrganization" resultMap="BaseResultMap" parameterType="com.vms.model.Organization">
        select
        <include refid="Base_Column_List"/>
        from T_ORGANIZATION where 1=1
        <if test="name != '' and name != null">
        	and name = #{name,jdbcType=VARCHAR}
        </if>
    </select>

    <select id="findOrganizationById" parameterType="java.lang.String" resultType="com.vms.model.Organization">
        select distinct
        o.id as "id", o.name as "name", o.address as "address", o.createDate as "createdate"
        from T_ORGANIZATION o
        where  o.id = #{id}
    </select>

    <delete id="deleteOrganizationById" parameterType="java.lang.Long">
        delete from T_ORGANIZATION
        where id = #{id}
    </delete>

    <insert id="insert" parameterType="com.vms.model.Organization">
        insert into T_ORGANIZATION (id, name,
        <if test="address != null">
            address,
        </if>
        createdate,
        description
        )
        values (#{id}, #{name,jdbcType=VARCHAR},
        <if test="address != null">
            #{address,jdbcType=VARCHAR},
        </if>
        #{createdate,jdbcType=TIMESTAMP},
        #{description}
        )
    </insert>

    <update id="updateOrganization" parameterType="com.vms.model.Organization">
        update T_ORGANIZATION
        <set>
            <if test="name != null">
                name = #{name,jdbcType=VARCHAR},
            </if>
            <if test="address != null">
                address = #{address,jdbcType=VARCHAR},
            </if>
            
        </set>
        where id = #{id}
    </update>

    
     <select id="findOrganizationByCode" parameterType="java.lang.String" resultType="com.vms.model.Organization">
        select distinct
        o.id as "id", o.name as "name", o.address as "address", o.createDate as "createdate"
        from T_ORGANIZATION o
        where  o.id = #{id}
    </select>
    
</mapper>